variable,label,block,r_intent1,p_intent1,se_intent1,r_intent2,p_intent2,se_intent2,r_intent3,p_intent3,se_intent3,r_intent4,p_intent4,se_intent4,r_composite,p_composite,se_composite
past_engage_4,Shared info online about cuts to research funding,Past Engagement,0.467,0,0.051,0.435,0,0.052,0.606,0,0.046,0.541,0,0.049,0.6,0,0.046
past_engage_2,Shared/commented social media posts about science,Past Engagement,0.399,0,0.053,0.416,0,0.053,0.539,0,0.049,0.506,0,0.05,0.543,0,0.049
past_engage_5,Talked to others about cuts to research funding,Past Engagement,0.43,0,0.052,0.553,0,0.048,0.457,0,0.052,0.474,0,0.051,0.542,0,0.049
past_engage_6,Contacted reps to oppose cuts to research funding,Past Engagement,0.52,0,0.05,0.282,0,0.056,0.392,0,0.053,0.547,0,0.049,0.522,0,0.05
past_engage_7,Contacted reps to support research funding,Past Engagement,0.48,0,0.051,0.225,0,0.057,0.355,0,0.054,0.551,0,0.048,0.481,0,0.051
past_engage_3,Attended rallies or protests about science,Past Engagement,0.427,0,0.052,0.265,0,0.056,0.391,0,0.053,0.524,0,0.049,0.476,0,0.051
research_4_4,I think about the impact of science on my daily life,Research Beliefs,0.394,0,0.053,0.363,0,0.054,0.374,0,0.054,0.499,0,0.05,0.461,0,0.051
govtfund_3,Knowledge of funding cuts,Govt Funding,0.392,0,0.053,0.436,0,0.052,0.314,0,0.055,0.423,0,0.053,0.438,0,0.052
past_engage_1,Conversations about science topics,Past Engagement,0.363,0,0.054,0.425,0,0.053,0.336,0,0.055,0.397,0,0.053,0.434,0,0.052
univ_5_1,Benefits: You personally,University Perceptions,0.363,0,0.054,0.391,0,0.053,0.286,0,0.056,0.408,0,0.053,0.412,0,0.053
research_3_2,Effects on: People you care about,Research Beliefs,0.32,0,0.055,0.375,0,0.054,0.326,0,0.055,0.381,0,0.054,0.394,0,0.053
univ_2_9,Univ. contributes to: Better international relations,University Perceptions,0.319,0,0.055,0.379,0,0.054,0.323,0,0.055,0.356,0,0.054,0.392,0,0.053
univ_2_7,Univ. contributes to: Increased compassion and tolerance,University Perceptions,0.329,0,0.055,0.365,0,0.054,0.325,0,0.055,0.342,0,0.055,0.386,0,0.054
research_3_1,Effects on: You personally,Research Beliefs,0.276,0,0.056,0.406,0,0.053,0.245,0,0.056,0.396,0,0.053,0.373,0,0.054
govtfund_1,Approval of federal funding for university research,Govt Funding,0.29,0,0.056,0.317,0,0.055,0.326,0,0.055,0.334,0,0.055,0.362,0,0.055
govtfund_8_1,Tax investment: ...boosts the economy,Govt Funding,0.255,0,0.056,0.347,0,0.054,0.281,0,0.056,0.391,0,0.053,0.357,0,0.054
govtfund_7_2,Priority: Advance knowledge and benefit society,Govt Funding,0.275,0,0.056,0.366,0,0.054,0.291,0,0.056,0.346,0,0.054,0.348,0,0.054
gotvfund_6_2,Oversight committees protect against unethical research,Govt Funding,0.319,0,0.055,0.314,0,0.055,0.244,0,0.056,0.36,0,0.054,0.345,0,0.054
climate_4_1,Climate research importance: Climate science and earth systems,Climate,0.239,0,0.056,0.357,0,0.054,0.278,0,0.056,0.325,0,0.055,0.343,0,0.055
research_3_3,Effects on: Local community,Research Beliefs,0.293,0,0.055,0.312,0,0.055,0.243,0,0.056,0.335,0,0.055,0.336,0,0.055
univ_5_2,Benefits: People you care about,University Perceptions,0.281,0,0.056,0.305,0,0.055,0.277,0,0.056,0.326,0,0.055,0.336,0,0.055
research_3_4,Effects on: People in the US,Research Beliefs,0.296,0,0.055,0.317,0,0.055,0.259,0,0.056,0.29,0,0.056,0.333,0,0.055
climate_3,Trust in climate scientists,Climate,0.25,0,0.056,0.356,0,0.054,0.293,0,0.055,0.298,0,0.055,0.328,0,0.055
research_1,Knowledge of university research,Research Beliefs,0.264,0,0.056,0.252,0,0.056,0.275,0,0.056,0.349,0,0.054,0.326,0,0.055
climate_4_4,"Climate research importance: Climate policy, economics, and human impact",Climate,0.245,0,0.056,0.312,0,0.055,0.271,0,0.056,0.316,0,0.055,0.324,0,0.055
govtfund_5_7,Govt funding likelihood: Taxpayer money is wasted,Govt Funding,-0.265,0,0.056,-0.289,0,0.056,-0.294,0,0.055,-0.309,0,0.055,-0.323,0,0.055
govtfund_8_2,Tax investment: ...improves health and saves lives,Govt Funding,0.225,0,0.057,0.365,0,0.054,0.274,0,0.056,0.28,0,0.056,0.319,0,0.055
highered_2_2,Trust: State public university system,Higher Education,0.259,0,0.056,0.273,0,0.056,0.222,0,0.057,0.335,0,0.055,0.312,0,0.055
univ_2_10,Univ. contributes to: Benefits to local communities,University Perceptions,0.27,0,0.056,0.257,0,0.056,0.211,0,0.057,0.294,0,0.055,0.312,0,0.055
univ_4_3,Universities apply knowledge-based solutions,University Perceptions,0.253,0,0.056,0.271,0,0.056,0.251,0,0.056,0.302,0,0.055,0.31,0,0.055
climate_4_3,Climate research importance: Climate adaptation and resilience,Climate,0.254,0,0.056,0.32,0,0.055,0.212,0,0.057,0.3,0,0.055,0.31,0,0.055
univ_2_2,Univ. contributes to: Better jobs and career advancement,University Perceptions,0.254,0,0.056,0.301,0,0.055,0.206,0,0.057,0.297,0,0.055,0.304,0,0.055
univ_5_7,Benefits: Society as a whole,University Perceptions,0.226,0,0.057,0.302,0,0.055,0.242,0,0.056,0.292,0,0.055,0.304,0,0.055
highered_3_4,Contribution to science: Charitable foundations,Higher Education,0.254,0,0.058,0.257,0,0.058,0.252,0,0.058,0.297,0,0.057,0.302,0,0.057
research_4_3,Clear how to apply research findings in my life,Research Beliefs,0.237,0,0.056,0.245,0,0.056,0.247,0,0.056,0.352,0,0.054,0.301,0,0.055
univ_2_8,Univ. contributes to: Overall economic growth,University Perceptions,0.251,0,0.056,0.267,0,0.056,0.214,0,0.057,0.304,0,0.055,0.301,0,0.055
climate_4_2,Climate research importance: Climate mitigation approaches,Climate,0.221,0,0.057,0.318,0,0.055,0.225,0,0.057,0.301,0,0.055,0.301,0,0.055
research_4_1,I usually understand academic research findings,Research Beliefs,0.237,0,0.056,0.277,0,0.056,0.23,0,0.056,0.33,0,0.055,0.298,0,0.055
govtfund_8_3,Tax investment: ...drives industry investment,Govt Funding,0.243,0,0.056,0.29,0,0.056,0.201,0,0.057,0.306,0,0.055,0.297,0,0.055
univ_2_4,Univ. contributes to: A more knowledgeable population,University Perceptions,0.237,0,0.056,0.328,0,0.055,0.245,0,0.056,0.268,0,0.056,0.296,0,0.055
govtfund_8_7,Tax investment: ...benefits people like you,Govt Funding,0.241,0,0.056,0.295,0,0.055,0.227,0,0.057,0.289,0,0.056,0.29,0,0.056
research_5.1_9,Importance: Exploring space,Research Beliefs,0.25,0,0.056,0.21,0,0.057,0.228,0,0.057,0.284,0,0.056,0.289,0,0.056
univ_2_6,Univ. contributes to: More entrepreneurship,University Perceptions,0.212,0,0.057,0.282,0,0.056,0.216,0,0.057,0.28,0,0.056,0.289,0,0.056
highered_3_5,Contribution to science: State colleges and universities,Higher Education,0.222,0,0.058,0.318,0,0.057,0.187,0.002,0.059,0.279,0,0.057,0.288,0,0.057
govtfund_5_4,Govt funding likelihood: Results become publicly available,Govt Funding,0.253,0,0.056,0.241,0,0.056,0.232,0,0.056,0.29,0,0.056,0.286,0,0.056
gotvfund_6_7,Govt-funded research is more objective than privately funded,Govt Funding,0.292,0,0.055,0.235,0,0.056,0.183,0.001,0.057,0.297,0,0.055,0.286,0,0.056
highered_3_6,Contribution to science: Community colleges,Higher Education,0.238,0,0.058,0.1,0.094,0.06,0.242,0,0.058,0.337,0,0.056,0.286,0,0.057
univ_4_2,Universities apply and connect knowledge,University Perceptions,0.253,0,0.056,0.271,0,0.056,0.184,0.001,0.057,0.267,0,0.056,0.28,0,0.056
univ_5_5,Benefits: Students' families,University Perceptions,0.219,0,0.057,0.271,0,0.056,0.23,0,0.056,0.277,0,0.056,0.279,0,0.056
govtfund_9_4,Approve cuts to: Arts funding,Govt Funding,-0.254,0,0.056,-0.272,0,0.056,-0.261,0,0.056,-0.22,0,0.057,-0.278,0,0.056
research_5.1_13,Importance: Awareness of others' experiences,Research Beliefs,0.23,0,0.056,0.225,0,0.057,0.257,0,0.056,0.243,0,0.056,0.277,0,0.056
research_4_2,I know where to look up academic research,Research Beliefs,0.24,0,0.056,0.24,0,0.056,0.223,0,0.057,0.265,0,0.056,0.274,0,0.056
univ_5_6,Benefits: Employers and businesses,University Perceptions,0.203,0,0.057,0.323,0,0.055,0.175,0.002,0.057,0.271,0,0.056,0.274,0,0.056
research_5.2_11,Likelihood: Better public policies,Research Beliefs,0.251,0,0.056,0.194,0.001,0.057,0.209,0,0.057,0.306,0,0.055,0.271,0,0.056
highered_2_3,Trust: Local community college(s),Higher Education,0.243,0,0.056,0.224,0,0.057,0.169,0.003,0.057,0.294,0,0.055,0.267,0,0.056
univ_2_1,Univ. contributes to: Greater innovation,University Perceptions,0.215,0,0.057,0.315,0,0.055,0.193,0.001,0.057,0.213,0,0.057,0.267,0,0.056
univ_5_3,Benefits: Local communities,University Perceptions,0.215,0,0.057,0.225,0,0.057,0.181,0.002,0.057,0.283,0,0.056,0.265,0,0.056
research_3_5,Effects on: Students at universities,Research Beliefs,0.234,0,0.056,0.264,0,0.056,0.204,0,0.057,0.239,0,0.056,0.263,0,0.056
ses_degree,Education level,Demographics,0.283,0,0.056,0.22,0,0.057,0.161,0.005,0.057,0.257,0,0.056,0.263,0,0.056
highered_2_1,Trust: Private colleges and universities,Higher Education,0.201,0,0.057,0.217,0,0.057,0.169,0.003,0.057,0.271,0,0.056,0.255,0,0.056
govtfund_8_5,Tax investment: ...protects national security,Govt Funding,0.154,0.008,0.057,0.277,0,0.056,0.223,0,0.057,0.219,0,0.057,0.243,0,0.056
climate_2,Believes global warming is caused by humans,Climate,0.199,0.001,0.057,0.221,0,0.057,0.21,0,0.057,0.244,0,0.056,0.239,0,0.056
highered_1_2,Approval: State public university system,Higher Education,0.236,0,0.056,0.179,0.002,0.057,0.143,0.013,0.057,0.256,0,0.056,0.238,0,0.056
govtfund_5_5,Govt funding likelihood: Funded researchers held to higher standards,Govt Funding,0.273,0,0.056,0.138,0.017,0.057,0.188,0.001,0.057,0.226,0,0.057,0.234,0,0.056
govtfund_8_6,Tax investment: ...leads to scientific breakthroughs,Govt Funding,0.176,0.002,0.057,0.299,0,0.055,0.183,0.001,0.057,0.221,0,0.057,0.234,0,0.056
univ_4_1,Universities discover new knowledge,University Perceptions,0.215,0,0.057,0.255,0,0.056,0.162,0.005,0.057,0.21,0,0.057,0.233,0,0.056
univ_2_5,Univ. contributes to: US competitive advantage,University Perceptions,0.177,0.002,0.057,0.307,0,0.055,0.16,0.005,0.057,0.212,0,0.057,0.232,0,0.056
climate_1,Believes global warming is happening,Climate,0.166,0.006,0.06,0.239,0,0.059,0.199,0.001,0.06,0.204,0.001,0.06,0.226,0,0.06
govfund_10,Local area would be negatively impacted by cuts,Govt Funding,-0.222,0,0.057,-0.218,0,0.057,-0.161,0.005,0.057,-0.206,0,0.057,-0.225,0,0.057
univ_2_3,Univ. contributes to: Higher household incomes,University Perceptions,0.182,0.002,0.057,0.204,0,0.057,0.138,0.017,0.057,0.227,0,0.057,0.225,0,0.057
research_3_11,Effects on: The US government,Research Beliefs,0.16,0.006,0.057,0.2,0.001,0.057,0.179,0.002,0.057,0.23,0,0.056,0.222,0,0.057
research_5.1_11,Importance: Better public policies,Research Beliefs,0.153,0.008,0.057,0.275,0,0.056,0.147,0.011,0.057,0.224,0,0.057,0.218,0,0.057
univ_5_4,Benefits: Students who attend,University Perceptions,0.153,0.008,0.057,0.277,0,0.056,0.171,0.003,0.057,0.181,0.002,0.057,0.216,0,0.057
research_3_6,Effects on: Scientists at universities,Research Beliefs,0.205,0,0.057,0.232,0,0.056,0.147,0.011,0.057,0.186,0.001,0.057,0.214,0,0.057
govtfund_2,Govt investment is ESSENTIAL (vs. private sufficient),Govt Funding,0.156,0.008,0.059,0.201,0.001,0.058,0.193,0.001,0.059,0.215,0,0.058,0.213,0,0.058
research_5.2_10,Likelihood: Improving education systems,Research Beliefs,0.18,0.002,0.057,0.165,0.004,0.057,0.155,0.007,0.057,0.233,0,0.056,0.211,0,0.057
gotvfund_6_4,University research benefits lives in ways hard to see,Govt Funding,0.173,0.003,0.057,0.22,0,0.057,0.173,0.003,0.057,0.186,0.001,0.057,0.211,0,0.057
research_4_7,Scientific research will create opportunities for next generation,Research Beliefs,0.176,0.002,0.057,0.17,0.003,0.057,0.157,0.006,0.057,0.239,0,0.056,0.21,0,0.057
highered_3_3,Contribution to science: Federal government agencies,Higher Education,0.153,0.01,0.059,0.179,0.003,0.059,0.144,0.016,0.059,0.235,0,0.058,0.206,0.001,0.059
govtfund_8_4,Tax investment: ...makes America a leader,Govt Funding,0.16,0.006,0.057,0.301,0,0.055,0.106,0.067,0.058,0.162,0.005,0.057,0.204,0,0.057
gotvfund_6_3,Many everyday tools are the result of academic research,Govt Funding,0.159,0.006,0.057,0.263,0,0.056,0.129,0.025,0.058,0.202,0,0.057,0.203,0,0.057
research_5.1_8,Importance: AI and machine learning,Research Beliefs,0.149,0.01,0.057,0.143,0.013,0.057,0.15,0.009,0.057,0.239,0,0.056,0.202,0,0.057
govtfund_5_3,Govt funding likelihood: Exciting research is sped up,Govt Funding,0.208,0,0.057,0.196,0.001,0.057,0.146,0.011,0.057,0.15,0.01,0.057,0.197,0.001,0.057
govtfund_5_6,Govt funding likelihood: Money spent on less important things,Govt Funding,-0.162,0.005,0.057,-0.235,0,0.056,-0.171,0.003,0.057,-0.165,0.004,0.057,-0.197,0.001,0.057
research_5.1_12,Importance: Helping individuals improve their lives,Research Beliefs,0.136,0.018,0.057,0.133,0.021,0.058,0.206,0,0.057,0.192,0.001,0.057,0.195,0.001,0.057
research_5.2_12,Likelihood: Helping individuals improve their lives,Research Beliefs,0.171,0.003,0.057,0.106,0.067,0.058,0.169,0.003,0.057,0.208,0,0.057,0.188,0.001,0.057
govtfund_4_10,Perceived support: People who don't believe in mainstream science,Govt Funding,0.151,0.009,0.057,0.031,0.591,0.058,0.194,0.001,0.057,0.233,0,0.056,0.188,0.001,0.057
research_5.1_6,Importance: Innovative manufacturing,Research Beliefs,0.11,0.057,0.058,0.152,0.008,0.057,0.133,0.021,0.058,0.194,0.001,0.057,0.187,0.001,0.057
research_5.2_2,Likelihood: Developing new medicines,Research Beliefs,0.128,0.026,0.058,0.193,0.001,0.057,0.142,0.014,0.057,0.2,0.001,0.057,0.184,0.001,0.057
govtfund_9_5,Approve cuts to: Humanities funding,Govt Funding,-0.151,0.009,0.057,-0.2,0.001,0.057,-0.205,0,0.057,-0.135,0.019,0.057,-0.183,0.001,0.057
govtfund_5_2,Govt funding likelihood: Research can focus long-term,Govt Funding,0.158,0.006,0.057,0.209,0,0.057,0.108,0.062,0.058,0.166,0.004,0.057,0.182,0.002,0.057
research_5.2_13,Likelihood: Awareness of others' experiences,Research Beliefs,0.15,0.01,0.057,0.147,0.011,0.057,0.149,0.01,0.057,0.186,0.001,0.057,0.177,0.002,0.057
govtfund_9_3,Approve cuts to: Science funding,Govt Funding,-0.151,0.009,0.057,-0.24,0,0.056,-0.175,0.002,0.057,-0.123,0.034,0.058,-0.177,0.002,0.057
research_5.2_9,Likelihood: Exploring space,Research Beliefs,0.163,0.005,0.057,0.199,0.001,0.057,0.105,0.07,0.058,0.182,0.002,0.057,0.176,0.002,0.057
research_3_10,Effects on: The military,Research Beliefs,0.113,0.051,0.058,0.222,0,0.057,0.146,0.012,0.057,0.137,0.018,0.057,0.175,0.002,0.057
research_2,Scientific methods are the best way to find truth,Research Beliefs,0.127,0.028,0.058,0.22,0,0.057,0.167,0.004,0.057,0.131,0.023,0.058,0.174,0.003,0.057
ses_ladder,Subjective SES (ladder),Demographics,0.214,0,0.057,0.11,0.058,0.058,0.054,0.354,0.058,0.208,0,0.057,0.174,0.002,0.057
highered_1_1,Approval: Private colleges and universities,Higher Education,0.121,0.037,0.058,0.188,0.001,0.057,0.114,0.048,0.058,0.175,0.002,0.057,0.172,0.003,0.057
highered_1_3,Approval: Local community college(s),Higher Education,0.154,0.008,0.057,0.185,0.001,0.057,0.103,0.075,0.058,0.167,0.004,0.057,0.171,0.003,0.057
research_5.2_4,Likelihood: Developing new energy technologies,Research Beliefs,0.143,0.014,0.057,0.152,0.008,0.057,0.127,0.028,0.058,0.183,0.001,0.057,0.167,0.004,0.057
research_4_5,Benefits of scientific research outweigh harms,Research Beliefs,0.129,0.025,0.058,0.173,0.003,0.057,0.155,0.007,0.057,0.165,0.004,0.057,0.166,0.004,0.057
research_6.2_5,Neg. likelihood: Studies fail to yield results,Research Beliefs,-0.155,0.007,0.057,-0.033,0.574,0.058,-0.152,0.008,0.057,-0.197,0.001,0.057,-0.166,0.004,0.057
highered_4_1,Proportion nonprofit: Private colleges and universities,Higher Education,0.164,0.007,0.06,0.088,0.148,0.06,0.176,0.004,0.06,0.155,0.01,0.06,0.166,0.006,0.06
research_5.1_4,Importance: Developing new energy technologies,Research Beliefs,0.147,0.011,0.057,0.19,0.001,0.057,0.093,0.108,0.058,0.154,0.008,0.057,0.164,0.004,0.057
research_3_13,Effects on: Disadvantaged individuals,Research Beliefs,0.159,0.006,0.057,0.2,0,0.057,0.079,0.174,0.058,0.139,0.016,0.057,0.163,0.005,0.057
research_4_6,Science makes our way of life change too fast,Research Beliefs,0.13,0.025,0.058,0.016,0.787,0.058,0.152,0.008,0.057,0.209,0,0.057,0.163,0.005,0.057
research_5.2_1,Likelihood: Advancing social science,Research Beliefs,0.145,0.012,0.057,0.163,0.005,0.057,0.113,0.05,0.058,0.154,0.007,0.057,0.162,0.005,0.057
research_6.1_5,Problematic: Studies fail to yield results,Research Beliefs,0.124,0.032,0.058,0.025,0.668,0.058,0.194,0.001,0.057,0.165,0.004,0.057,0.161,0.005,0.057
research_6.2_11,Neg. likelihood: Results reporting is biased by media,Research Beliefs,-0.149,0.01,0.057,-0.02,0.734,0.058,-0.166,0.004,0.057,-0.179,0.002,0.057,-0.159,0.006,0.057
highered_4_4,"Proportion nonprofit: Private companies (pharma, tech)",Higher Education,0.113,0.057,0.059,0.102,0.088,0.059,0.193,0.001,0.059,0.169,0.004,0.059,0.158,0.008,0.059
gotvfund_6_9,Results of private company research will become publicly accessible,Govt Funding,0.147,0.011,0.057,0.024,0.684,0.058,0.163,0.005,0.057,0.202,0,0.057,0.156,0.007,0.057
research_3_8,Effects on: Pharmaceutical companies,Research Beliefs,0.101,0.081,0.058,0.197,0.001,0.057,0.131,0.024,0.058,0.122,0.036,0.058,0.155,0.007,0.057
research_3_7,Effects on: Universities themselves,Research Beliefs,0.123,0.034,0.058,0.204,0,0.057,0.094,0.104,0.058,0.137,0.018,0.057,0.153,0.008,0.057
research_3_9,Effects on: Technology companies,Research Beliefs,0.079,0.173,0.058,0.209,0,0.057,0.102,0.077,0.058,0.15,0.009,0.057,0.153,0.008,0.057
highered_3_1,Contribution to science: Private colleges and universities,Higher Education,0.098,0.099,0.059,0.145,0.015,0.059,0.089,0.137,0.06,0.153,0.01,0.059,0.153,0.01,0.059
research_5.2_6,Likelihood: Innovative manufacturing,Research Beliefs,0.108,0.062,0.058,0.138,0.017,0.057,0.104,0.072,0.058,0.168,0.003,0.057,0.151,0.009,0.057
politics_ideology,Political ideology (liberal → conservative),Demographics,-0.123,0.034,0.058,-0.208,0,0.057,-0.14,0.015,0.058,-0.112,0.053,0.058,-0.149,0.01,0.058
research_5.1_3,Importance: Protecting the environment,Research Beliefs,0.123,0.033,0.058,0.213,0,0.057,0.135,0.02,0.057,0.115,0.047,0.058,0.146,0.012,0.057
govtfund_9_2,Approve cuts to: Education funding,Govt Funding,-0.129,0.026,0.058,-0.211,0,0.057,-0.161,0.005,0.057,-0.096,0.099,0.058,-0.146,0.012,0.057
research_6.1_3,Problematic: Few people can access results,Research Beliefs,0.06,0.303,0.058,0.185,0.001,0.057,0.126,0.029,0.058,0.116,0.044,0.058,0.144,0.013,0.057
govtfund_4_8,Perceived support: People who favor minimal govt spending,Govt Funding,0.096,0.099,0.058,0.044,0.452,0.058,0.159,0.006,0.057,0.179,0.002,0.057,0.141,0.014,0.057
highered_4_3,Proportion nonprofit: Community colleges,Higher Education,0.157,0.009,0.06,0.057,0.346,0.061,0.118,0.052,0.06,0.12,0.047,0.06,0.14,0.021,0.06
research_4_8,Research advancing knowledge is necessary even w/o immediate benefits,Research Beliefs,0.098,0.09,0.058,0.193,0.001,0.057,0.058,0.314,0.058,0.169,0.003,0.057,0.138,0.017,0.057
highered_4_2,Proportion nonprofit: Public state colleges and universities,Higher Education,0.159,0.008,0.06,0.085,0.161,0.06,0.088,0.146,0.06,0.099,0.099,0.06,0.135,0.025,0.06
research_5.2_3,Likelihood: Protecting the environment,Research Beliefs,0.087,0.133,0.058,0.181,0.002,0.057,0.096,0.098,0.058,0.126,0.029,0.058,0.132,0.023,0.058
research_5.2_5,Likelihood: Technologies for economic growth,Research Beliefs,0.098,0.09,0.058,0.081,0.165,0.058,0.086,0.137,0.058,0.18,0.002,0.057,0.131,0.024,0.058
highered_4_5,Proportion nonprofit: Federal government agencies,Higher Education,0.082,0.176,0.061,0.121,0.047,0.06,0.117,0.054,0.06,0.115,0.058,0.06,0.131,0.03,0.06
highered_3_2,"Contribution to science: Private companies (pharma, tech)",Higher Education,0.102,0.086,0.059,0.086,0.151,0.059,0.094,0.114,0.059,0.139,0.019,0.059,0.128,0.032,0.059
research_5.1_1,Importance: Advancing social science,Research Beliefs,0.075,0.194,0.058,0.195,0.001,0.057,0.134,0.02,0.057,0.074,0.202,0.058,0.125,0.03,0.058
research_5.1_10,Importance: Improving education systems,Research Beliefs,0.084,0.147,0.058,0.201,0,0.057,0.081,0.161,0.058,0.107,0.065,0.058,0.123,0.033,0.058
research_6.2_6,Neg. likelihood: Research wastes money,Research Beliefs,-0.111,0.056,0.058,-0.036,0.534,0.058,-0.08,0.167,0.058,-0.149,0.01,0.057,-0.119,0.04,0.058
research_6.1_2,Problematic: Research is slow to have impact,Research Beliefs,0.073,0.211,0.058,0.038,0.511,0.058,0.192,0.001,0.057,0.107,0.065,0.058,0.113,0.051,0.058
govtfund_4_7,Perceived support: People who identify as conservatives,Govt Funding,0.031,0.593,0.058,0.066,0.258,0.058,0.109,0.061,0.058,0.174,0.003,0.057,0.113,0.052,0.058
research_6.1_4,Problematic: Findings don't generalize,Research Beliefs,0.092,0.112,0.058,0.06,0.299,0.058,0.097,0.095,0.058,0.135,0.02,0.057,0.112,0.053,0.058
research_6.2_1,Neg. likelihood: Researchers make mistakes,Research Beliefs,-0.11,0.057,0.058,-0.085,0.142,0.058,-0.059,0.306,0.058,-0.109,0.061,0.058,-0.109,0.06,0.058
govtfund_5_9,Govt funding likelihood: Political agendas influence funding,Govt Funding,-0.055,0.346,0.058,-0.092,0.112,0.058,-0.092,0.113,0.058,-0.124,0.032,0.058,-0.109,0.06,0.058
ses_income,Household income,Demographics,0.102,0.081,0.059,0.091,0.12,0.059,0.005,0.931,0.059,0.147,0.012,0.058,0.108,0.065,0.058
govtfund_4_5,Perceived support: People in the military,Govt Funding,0.055,0.347,0.058,0.069,0.232,0.058,0.095,0.103,0.058,0.121,0.037,0.058,0.107,0.065,0.058
govtfund_7_3,Priority: Develop products that can be sold,Govt Funding,0.02,0.731,0.058,0.075,0.195,0.058,0.149,0.01,0.057,0.109,0.06,0.058,0.107,0.064,0.058
gotvfund_6_6,Private companies research primarily to benefit the public,Govt Funding,0.103,0.076,0.058,-0.042,0.472,0.058,0.135,0.02,0.057,0.133,0.021,0.058,0.101,0.081,0.058
research_6.1_11,Problematic: Results reporting is biased by media,Research Beliefs,-0.132,0.023,0.058,0.03,0.611,0.058,-0.095,0.102,0.058,-0.116,0.044,0.058,-0.097,0.093,0.058
govtfund_4_3,Perceived support: Scientists at universities,Govt Funding,-0.092,0.111,0.058,-0.02,0.733,0.058,-0.118,0.042,0.058,-0.091,0.115,0.058,-0.096,0.099,0.058
research_5.2_8,Likelihood: AI and machine learning,Research Beliefs,-0.122,0.034,0.058,-0.03,0.601,0.058,-0.037,0.523,0.058,-0.122,0.035,0.058,-0.095,0.103,0.058
govtfund_5_10,Govt funding likelihood: Researchers lie to maintain funding,Govt Funding,-0.024,0.673,0.058,-0.174,0.003,0.057,-0.112,0.054,0.058,-0.099,0.087,0.058,-0.092,0.112,0.058
govtfund_9_1,Approve cuts to: Health research funding,Govt Funding,-0.071,0.221,0.058,-0.154,0.008,0.057,-0.095,0.101,0.058,-0.052,0.374,0.058,-0.091,0.117,0.058
govtfund_4_4,Perceived support: The general public,Govt Funding,0.094,0.103,0.058,0.069,0.236,0.058,0.01,0.858,0.058,0.148,0.01,0.057,0.09,0.12,0.058
govtfund_4_11,Perceived support: Medical and mental health professionals,Govt Funding,0.052,0.369,0.058,0.146,0.012,0.057,0.03,0.603,0.058,0.079,0.172,0.058,0.087,0.135,0.058
research_6.1_10,Problematic: Findings are misused,Research Beliefs,-0.128,0.027,0.058,0.036,0.53,0.058,-0.044,0.45,0.058,-0.093,0.109,0.058,-0.078,0.179,0.058
age,Age,Demographics,0.08,0.17,0.058,0.028,0.632,0.058,0.053,0.362,0.058,0.075,0.199,0.058,0.077,0.187,0.058
lgbtq,LGBTQ+ identity,Demographics,0.027,0.642,0.059,0.11,0.061,0.058,0.149,0.011,0.058,0.03,0.61,0.059,0.074,0.206,0.059
govtfund_5_1,Govt funding likelihood: Researchers have enough resources,Govt Funding,0.076,0.192,0.058,0.067,0.246,0.058,0.045,0.44,0.058,0.056,0.337,0.058,0.072,0.214,0.058
govtfund_4_9,Perceived support: Politicians,Govt Funding,-0.082,0.157,0.058,-0.106,0.066,0.058,-0.094,0.103,0.058,-0.004,0.951,0.058,-0.071,0.222,0.058
research_6.2_2,Neg. likelihood: Research is slow to have impact,Research Beliefs,-0.072,0.217,0.058,0.088,0.131,0.058,-0.087,0.135,0.058,-0.105,0.069,0.058,-0.069,0.237,0.058
research_6.1_7,Problematic: New tech eliminates jobs,Research Beliefs,0.026,0.659,0.058,0.095,0.102,0.058,0.097,0.095,0.058,0.025,0.669,0.058,0.066,0.254,0.058
highered_4_6,Proportion nonprofit: Charitable foundations,Higher Education,0.056,0.344,0.059,0.066,0.262,0.059,0.055,0.357,0.059,0.038,0.522,0.059,0.062,0.297,0.059
govtfund_4_1,Perceived support: People who directly benefit,Govt Funding,-0.032,0.577,0.058,0.014,0.814,0.058,-0.106,0.067,0.058,-0.05,0.387,0.058,-0.056,0.332,0.058
research_5.1_5,Importance: Technologies for economic growth,Research Beliefs,0.028,0.632,0.058,-0.007,0.901,0.058,0.05,0.393,0.058,0.085,0.144,0.058,0.054,0.356,0.058
research_6.1_8,Problematic: New tech invades privacy,Research Beliefs,-0.066,0.258,0.058,-0.026,0.66,0.058,-0.011,0.843,0.058,-0.037,0.526,0.058,-0.041,0.484,0.058
govtfund_4_12,Perceived support: Pharmaceutical companies,Govt Funding,-0.087,0.132,0.058,0.02,0.734,0.058,-0.045,0.437,0.058,-0.015,0.796,0.058,-0.041,0.479,0.058
research_6.2_7,Neg. likelihood: New tech eliminates jobs,Research Beliefs,-0.014,0.806,0.058,-0.006,0.922,0.058,-0.016,0.783,0.058,-0.084,0.147,0.058,-0.038,0.516,0.058
research_6.2_10,Neg. likelihood: Findings are misused,Research Beliefs,-0.043,0.458,0.058,0.013,0.828,0.058,-0.072,0.212,0.058,-0.047,0.421,0.058,-0.036,0.532,0.058
research_5.1_7,Importance: Defense and national security technologies,Research Beliefs,-0.044,0.451,0.058,0.04,0.492,0.058,0.116,0.045,0.058,-0.009,0.877,0.058,0.034,0.556,0.058
research_6.2_8,Neg. likelihood: New tech invades privacy,Research Beliefs,-0.074,0.204,0.058,0.032,0.585,0.058,-0.035,0.541,0.058,-0.026,0.655,0.058,-0.034,0.559,0.058
govtfund_4_6,Perceived support: People who identify as liberals,Govt Funding,-0.047,0.415,0.058,0.1,0.083,0.058,-0.059,0.312,0.058,-0.039,0.503,0.058,-0.028,0.628,0.058
gotvfund_6_5,University researchers motivated primarily by profit,Govt Funding,-0.003,0.962,0.058,-0.147,0.011,0.057,-0.013,0.816,0.058,-0.004,0.945,0.058,-0.028,0.627,0.058
research_6.1_6,Problematic: Research wastes money,Research Beliefs,-0.059,0.305,0.058,0.006,0.915,0.058,-0.018,0.76,0.058,-0.029,0.622,0.058,-0.027,0.64,0.058
govtfund_7_1,Priority: Making a profit,Govt Funding,-0.062,0.282,0.058,-0.069,0.237,0.058,0.023,0.695,0.058,-0.012,0.841,0.058,-0.026,0.653,0.058
research_6.2_4,Neg. likelihood: Findings don't generalize,Research Beliefs,0.022,0.706,0.058,0.036,0.541,0.058,-0.053,0.361,0.058,-0.073,0.207,0.058,-0.025,0.664,0.058
research_6.1_1,Problematic: Researchers make mistakes,Research Beliefs,-0.054,0.353,0.058,0.017,0.773,0.058,0.01,0.861,0.058,-0.048,0.406,0.058,-0.023,0.69,0.058
research_6.1_9,Problematic: Research creates dangerous technology,Research Beliefs,0.012,0.839,0.058,0.063,0.278,0.058,0.044,0.453,0.058,-0.034,0.556,0.058,0.022,0.705,0.058
research_6.2_3,Neg. likelihood: Few people can access results,Research Beliefs,-0.028,0.624,0.058,0.041,0.482,0.058,-0.025,0.664,0.058,-0.033,0.574,0.058,-0.022,0.708,0.058
govtfund_4_2,Perceived support: Students at universities,Govt Funding,0.012,0.836,0.058,0.044,0.445,0.058,-0.048,0.404,0.058,0.04,0.491,0.058,0.017,0.768,0.058
govtfund_4_13,Perceived support: Technology companies,Govt Funding,-0.065,0.262,0.058,0.031,0.589,0.058,0.008,0.896,0.058,-0.027,0.648,0.058,-0.015,0.8,0.058
research_5.1_2,Importance: Developing new medicines,Research Beliefs,-0.014,0.813,0.058,0.018,0.759,0.058,-0.017,0.764,0.058,-0.026,0.657,0.058,-0.014,0.814,0.058
gotvfund_6_1,Rules should ensure govt-funded research is done well,Govt Funding,-0.014,0.812,0.058,0.076,0.189,0.058,0.002,0.975,0.058,0.024,0.675,0.058,0.012,0.842,0.058
research_3_12,Effects on: Wealthy individuals,Research Beliefs,-0.068,0.244,0.058,0.054,0.357,0.058,0.045,0.437,0.058,0.011,0.845,0.058,0.011,0.846,0.058
govtfund_5_8,Govt funding likelihood: Research delayed by oversight,Govt Funding,-0.039,0.497,0.058,0.005,0.933,0.058,-0.001,0.986,0.058,-0.029,0.618,0.058,-0.01,0.862,0.058
gotvfund_6_8,Private company research is biased toward company interests,Govt Funding,0.017,0.775,0.058,0.047,0.414,0.058,-0.01,0.862,0.058,-0.06,0.298,0.058,-0.009,0.881,0.058
research_6.2_9,Neg. likelihood: Research creates dangerous technology,Research Beliefs,-0.012,0.837,0.058,0.034,0.554,0.058,-0.018,0.762,0.058,-0.012,0.835,0.058,-0.008,0.887,0.058
govtfund_7_4,Priority: Serve interests of the government,Govt Funding,-0.017,0.773,0.058,-0.012,0.84,0.058,0.03,0.609,0.058,-0.008,0.891,0.058,0.005,0.936,0.058
research_5.2_7,Likelihood: Defense and national security technologies,Research Beliefs,-0.041,0.482,0.058,0.041,0.477,0.058,0.025,0.67,0.058,0.004,0.944,0.058,0.004,0.952,0.058
